﻿{
	"Language": "- Hold Capitals ( Turkish ) -",
	"Transpositions":
	{
		"a": ["A"],
		"b": ["B"],
		"c": ["C"],
		"d": ["D"],
		"e": ["E"],
		"f": ["F"],
		"g": ["G"],
		"h": ["H"],
		"i": ["İ"],
		"j": ["J"],
		"k": ["K"],
		"l": ["L"],
		"m": ["M"],
		"n": ["N"],
		"o": ["O"],
		"p": ["P"],
		"q": ["Â"],
		"r": ["R"],
		"s": ["S"],
		"t": ["T"],
		"u": ["U"],
		"v": ["V"],
		"w": ["Ş"],
		"x": ["Ç"],
		"y": ["Y"],
		"z": ["Z"],

		"[": ["I"],
		"]": ["Ğ"],

		"1": ["Q"],
		"2": ["W"],
		"3": ["X"],
		"4": ["Ê"],
		"5": ["Ə"],
		"7": ["Û"],
		"8": ["Ü"],
		"9": ["Î"],
		"0": ["Ö"]
	}
}
