﻿{
	"Language": " – Hold Capitals (Spanish)",
	"Transpositions":
	{
		"a": ["A", "Á"],
		"b": ["B"],
		"c": ["C", "Ç"],
		"d": ["D"],
		"e": ["E", "É"],
		"f": ["F"],
		"g": ["G"],
		"h": ["H"],
		"i": ["I", "Í"],
		"j": ["J"],
		"k": ["K"],
		"l": ["L"],
		"m": ["M"],
		"n": ["N"],
		"o": ["O", "Ó"],
		"p": ["P"],
		"q": ["Q"],
		"r": ["R"],
		"s": ["S"],
		"t": ["T"],
		"u": ["U", "Ú"],
		"v": ["V"],
		"w": ["W"],
		"x": ["X"],
		"y": ["Y", "Ý"],
		"z": ["Z"],

		"[": ["Ü"],
		"]": ["Ñ"],

		"1": ["{U+00A1}"],
		"2": ["{U+00BF}"],

		"Numpad0": ["{U+00BA}"],
		"NumpadDot": ["{U+00AA}"],

		"\\": ["{U+0308}"]
	}
}
