﻿{
	"Language": "(WIP) TPA",
	"Transpositions":
	{
		"a": ["æ"],
		"e": ["ə", "ɛ"],
		"i": ["ɪ", "ᴕ", "ᵻ"],
		"o": ["ɔ", "ø", "œ", "ꬿ"],
		"u": ["ʊ", "ʉ", " ɥ", "ᵿ"],

		"b": ["β", "ʙ", "ȸ"],
		"c": ["ɕ", "ç"],
		"d": ["ᴅ", "ᶁ", "dꜜ"],
		"f": ["ɸ", "ꜰ"],
		"g": ["ɣ", "ɢ"],
		"h": ["ħ", "ʜ"],
		"j": ["ȷ"],
		"k": ["ʞ"],
		"l": ["ł", "ʎ", "ᶅ"],
		"m": ["ł", "ʎ", "ᶅ"],
		"n": ["ŋ", "ɲ", "ᶇ", "ɴ", "ꬻ"],
		"p": ["ȹ"],
		"q": ["qu"],
		"r": ["ɹ", "ɻ", "ɾ", "ʀ" ],
		"s": ["ş", "ꞩ"],
		"t": ["ᴛ", "ƫ", "tꜛ", "ƫꜛ"],
		"v": ["s"],
		"w": ["ɯ", "ɰ"],
		"x": ["χ", "ꝶ"],
		"y": ["ỿ"],
		"z": ["ʑ", "ʒ", "ƶ", "ᶚ"],

		":": ["ː"],
		"?": ["ʔ", "ʖ"]
	}
}
