﻿{
	"Language": "(WIP) TPA",
	"Transpositions":
	{
		"a": ["æ"],
		"e": ["ɛ", "ə"],
		"i": ["ɪ", "ᴕ", "ᵻ"],
		"o": ["ɔ", "ø", "œ", "ꬿ"],
		"u": ["ʊ", "ʉ", "ɥ", "ᵿ"],

		"b": ["β", "ʙ", "ƀ", "ȸ"],
		"c": ["ɕ", "ç", "ȼ"],
		"d": ["ᴅ", "ð", "ᶁ", "ƌ", "dꜜ"],
		"f": ["ɸ", "ꜰ"],
		"g": ["ɣ", "ɢ"],
		"h": ["ħ", "ʜ"],
		"j": ["ȷ"],
		"k": ["ꝁ", "ʞ"],
		"l": ["ɫ", "λ", "ᶅ", "ʟ", "ł"],
		"m": ["ꬻ", "ꬼ"],
		"n": ["ŋ", "ɲ", "ᶇ", "ȵ", "ꬻ", "ɴ"],
		"p": ["ꝑ", "ȹ"],
		"q": ["ꝗ"],
		"r": ["ɹ", "ɻ", "ɾ", "ʀ", "ꝶ"],
		"s": ["ş", "ꞩ"],
		"t": ["ᴛ", "θ", "ƫ", "tꜛ", "ƫꜛ"],
		"v": ["s"],
		"w": ["ɯ", "ɰ"],
		"x": ["χ", "ꝶ"],
		"y": ["ỿ"],
		"z": ["ʑ", "ʒ", "ƶ", "ᶚ"],

		":": ["ː", "ꜛ", "ꜜ"],
		"?": ["ʔ", "ʖ"],

		"1": ["̱", "͟"],
		"2": ["͜", "͡"],
		"3": ["̃"],
		"4": ["θ"],
		"5": ["ð"]
	}
}
